[
  {
    "LogicalResourceId": "EfsFileSystem",
    "ResourceType": "AWS::EFS::FileSystem"
  },
  {
    "LogicalResourceId": "MountTarget",
    "ResourceType": "AWS::EFS::MountTarget"
  },
  {
    "LogicalResourceId": "AccessPoint",
    "ResourceType": "AWS::EFS::AccessPoint"
  },
  {
    "LogicalResourceId": "LambdaFunctionWithEfs",
    "ResourceType": "AWS::Lambda::Function"
  },
  {
    "LogicalResourceId": "MySecurityGroup",
    "ResourceType": "AWS::EC2::SecurityGroup"
  },
  {
    "LogicalResourceId": "LambdaFunctionWithEfsRole",
    "ResourceType": "AWS::IAM::Role"
  }
]
