[
  {
    "LogicalResourceId": "MyStateMachine",
    "ResourceType": "AWS::StepFunctions::StateMachine"
  },
  {
    "LogicalResourceId": "MyStateMachineRole",
    "ResourceType": "AWS::IAM::Role"
  },
  {
    "LogicalResourceId": "MyStateMachineCWEvent",
    "ResourceType": "AWS::Events::Rule"
  },
  {
    "LogicalResourceId": "MyStateMachineCWEventRole",
    "ResourceType": "AWS::IAM::Role"
  },
  {
    "LogicalResourceId": "MyStateMachineCWEventQueue",
    "ResourceType": "AWS::SQS::Queue"
  },
  {
    "LogicalResourceId": "MyStateMachineCWEventQueuePolicy",
    "ResourceType": "AWS::SQS::QueuePolicy"
  }
]
